team_id,team_name,form_str,played_total,wins_total,draws_total,losses_total,goals_for_avg,goals_against_avg,clean_sheet,failed_to_score
529,Barcelona,WWWWWWWLWWWWLDLWDLLDWWWWWWWWWDWWWWWWLW,38,28,4,6,2.7,1.0,13,2
530,Atletico Madrid,DWDWWDWDDWLWWWWWWWWLDWDDWWLLDWWLWDWLWW,38,22,10,6,1.8,0.8,17,6
531,Athletic Club,DLWLWWWDLWDDDWWWWDWWDDWDWLDWDDWLWDWWWL,38,19,13,6,1.4,0.8,15,9
532,Valencia,LLLDLWDLDLDWLLLDDLDWLWWDLDWDWWWDDWWLLD,38,11,13,14,1.2,1.4,8,10
533,Villarreal,DWWDWLWWLDWWDDLLDWLWDWWDWLLWDWDLWWWWWW,38,20,10,8,1.9,1.3,7,6
534,Las Palmas,DLDLLLDLLWWLWLWWDWLLDLLLLDLDDLWWLLLLLL,38,8,8,22,1.1,1.6,4,11
536,Sevilla,DLDLWLWDWLWLLWDLWLDWDDLWDDWLLLLDLDLWLL,38,10,11,17,1.1,1.4,10,9
537,Leganes,DWDLLLDDDLWLWLDLWLDWDLLDLWLLLDLDDDWLWW,38,9,13,16,1.0,1.5,11,14
538,Celta Vigo,WWLLWLLDWLLWDDLWLWLLDLWDWDWWDWLLWLWWLW,38,16,7,15,1.6,1.5,8,4
540,Espanyol,LLDWWLLLWLLLLWLDDLDWDWLDWDLDWWWDLLLLLW,38,11,9,18,1.1,1.3,8,11
541,Real Madrid,DWDWWWWDWWLWWWLWDWWWWLDDWLWWWLWWWWLWWW,38,26,6,6,2.1,1.0,15,2
542,Alaves,LDWWLWLLLLLWLLDDDDLWDLLDLDWDLWLDWDLWWD,38,10,12,16,1.0,1.3,9,13
543,Real Betis,DDLWWLDWLWWDDLLDWDLLWDLWWWWWWDLWWWDDLD,38,16,12,10,1.5,1.3,7,5
546,Getafe,DDDLLDLWDDDLLWLWLLWDWDWWLLWWLWLLLLLLWL,38,11,9,18,0.9,1.0,9,16
547,Girona,DLWWLLDDWLLWWWDLLWWLLWLLLDDDLLLLDWLWLL,38,11,8,19,1.2,1.6,8,11
548,Real Sociedad,LWLDLLDWDWLWWLWWDLWLLLWLWLLDWWLDLDLLWL,38,13,7,18,0.9,1.2,13,19
720,Valladolid,WLDLLDLLLWLLDLLLWLWLLLLLLDLLLLLLLLLLLL,38,4,4,30,0.7,2.4,5,16
727,Osasuna,DWLWLWDWDLWWLDDDDLLDDWDDLDLLDDWWWLDWWD,38,12,16,10,1.3,1.4,9,8
728,Rayo Vallecano,WDLLWDDDWLWLLLWDDDWDWWWLLDLDWLLDLWWDWD,38,13,13,12,1.1,1.2,10,9
798,Mallorca,DLDWLWWWLWDLLWWLLWWLLLDWDDDWLLWDLLWLLD,38,13,9,16,0.9,1.2,9,14
